{
  "train_loss": [
    1.523688,
    0.751893,
    0.457245,
    0.294007,
    0.216769,
    0.166179,
    0.135116,
    0.108354,
    0.094923,
    0.081067,
    0.074747,
    0.065411,
    0.066841,
    0.06327,
    0.049295,
    0.065204,
    0.041369,
    0.033489,
    0.049278,
    0.038542,
    0.032393,
    0.035463,
    0.022399,
    0.027848,
    0.028468,
    0.019639,
    0.021054,
    0.018457,
    0.022025,
    0.019751,
    0.020794,
    0.012058,
    0.015007,
    0.018163,
    0.014695,
    0.012322
  ],
  "train_acc": [
    0.413466,
    0.669196,
    0.784732,
    0.864865,
    0.902481,
    0.927454,
    0.942311,
    0.949897,
    0.955429,
    0.960803,
    0.966019,
    0.970286,
    0.970918,
    0.974712,
    0.97724,
    0.973289,
    0.978031,
    0.981982,
    0.978979,
    0.980243,
    0.981034,
    0.981824,
    0.984195,
    0.985143,
    0.984037,
    0.985459,
    0.984669,
    0.986249,
    0.986249,
    0.98704,
    0.986091,
    0.98862,
    0.987514,
    0.987988,
    0.988936,
    0.988778
  ],
  "val_loss": [
    1.010516,
    0.521171,
    0.414464,
    0.344158,
    0.367405,
    0.197092,
    0.207395,
    0.288288,
    0.254094,
    0.211998,
    0.233981,
    0.280584,
    0.340697,
    0.324444,
    0.23577,
    0.324765,
    0.236613,
    0.475924,
    0.397852,
    0.289912,
    0.314756,
    0.339305,
    0.334888,
    0.411381,
    0.336132,
    0.295055,
    0.368971,
    0.590448,
    0.594088,
    0.885822,
    1.764198,
    2.165863,
    1.023833,
    0.757208,
    0.369499,
    0.388414
  ],
  "val_acc": [
    0.518331,
    0.767383,
    0.873578,
    0.834387,
    0.892541,
    0.902655,
    0.927939,
    0.930468,
    0.93426,
    0.925411,
    0.935525,
    0.945638,
    0.935525,
    0.949431,
    0.95196,
    0.931732,
    0.955752,
    0.953224,
    0.944374,
    0.944374,
    0.949431,
    0.945638,
    0.941846,
    0.938053,
    0.954488,
    0.957016,
    0.957016,
    0.95196,
    0.946903,
    0.944374,
    0.94311,
    0.94311,
    0.95196,
    0.954488,
    0.95196,
    0.95196
  ],
  "epoch_time_sec": [
    134.12,
    112.19,
    117.68,
    117.02,
    110.71,
    117.54,
    118.32,
    119.74,
    117.34,
    118.99,
    114.07,
    116.4,
    118.06,
    109.67,
    117.2,
    117.64,
    108.86,
    116.05,
    108.7,
    109.39,
    108.44,
    108.18,
    108.32,
    108.36,
    107.83,
    108.02,
    115.09,
    107.3,
    107.61,
    108.38,
    107.17,
    106.93,
    107.29,
    107.58,
    107.72,
    107.67
  ],
  "test_loss": 0.283983,
  "test_acc": 0.935525,
  "best_val_acc": 0.957016,
  "total_time_sec": 4194.18,
  "total_time_min": 69.9,
  "epochs_trained": 36,
  "model": "efficientnet_vit",
  "task": "multiclass_8",
  "magnifications": "40X+100X+200X+400X"
}