{
  "train_loss": [
    0.317831,
    0.130208,
    0.105722,
    0.085012,
    0.043821,
    0.050515,
    0.043633,
    0.031993,
    0.034929,
    0.033069,
    0.024108,
    0.01898,
    0.006519,
    0.012036,
    0.02388,
    0.017357,
    0.019598,
    0.026871,
    0.01743,
    0.01483,
    0.010349,
    0.004508,
    0.018563
  ],
  "train_acc": [
    0.870239,
    0.954639,
    0.967125,
    0.978663,
    0.989727,
    0.989885,
    0.98862,
    0.993836,
    0.993994,
    0.99352,
    0.9951,
    0.996049,
    0.998261,
    0.997471,
    0.996207,
    0.997471,
    0.996681,
    0.995891,
    0.996681,
    0.996681,
    0.998419,
    0.999052,
    0.996681
  ],
  "val_loss": [
    0.233127,
    0.094952,
    0.074076,
    0.041424,
    0.039794,
    0.124689,
    0.063587,
    0.055843,
    0.079379,
    0.082578,
    0.067567,
    0.093004,
    0.054035,
    0.063402,
    0.057131,
    0.067173,
    0.077743,
    0.059725,
    0.093036,
    0.059283,
    0.04983,
    0.097401,
    0.06825
  ],
  "val_acc": [
    0.935525,
    0.963338,
    0.981037,
    0.983565,
    0.987358,
    0.978508,
    0.988622,
    0.987358,
    0.978508,
    0.988622,
    0.989886,
    0.99115,
    0.993679,
    0.993679,
    0.989886,
    0.992415,
    0.992415,
    0.988622,
    0.988622,
    0.993679,
    0.993679,
    0.993679,
    0.992415
  ],
  "epoch_time_sec": [
    87.66,
    100.1,
    99.86,
    98.63,
    97.38,
    96.69,
    96.17,
    95.12,
    93.12,
    93.61,
    93.48,
    93.13,
    92.83,
    93.0,
    92.95,
    92.67,
    91.9,
    93.14,
    93.33,
    92.27,
    91.55,
    91.65,
    92.05
  ],
  "test_loss": 0.109752,
  "test_acc": 0.988622,
  "best_val_acc": 0.993679,
  "total_time_sec": 2272.47,
  "total_time_min": 37.87,
  "epochs_trained": 23,
  "model": "cnn_vit",
  "dataset": "BreakHis_Combined",
  "magnifications": "40X+100X+200X+400X"
}