{
  "train_loss": [
    0.323184,
    0.157607,
    0.102723,
    0.088436,
    0.068977,
    0.061606,
    0.043828,
    0.030304,
    0.027461,
    0.026667,
    0.03102,
    0.024,
    0.009997,
    0.02186,
    0.014923,
    0.019242,
    0.028131,
    0.011781,
    0.020974,
    0.014162,
    0.011196,
    0.016918,
    0.010696,
    0.005792,
    0.002177,
    0.013864,
    0.023394
  ],
  "train_acc": [
    0.869606,
    0.943259,
    0.967915,
    0.976134,
    0.982772,
    0.984985,
    0.990991,
    0.993836,
    0.993836,
    0.994626,
    0.994152,
    0.995416,
    0.997313,
    0.995258,
    0.997945,
    0.996839,
    0.996207,
    0.997471,
    0.996839,
    0.997313,
    0.998103,
    0.996839,
    0.998578,
    0.999368,
    0.999842,
    0.997945,
    0.996049
  ],
  "val_loss": [
    0.213418,
    0.091907,
    0.169855,
    0.103141,
    0.102252,
    0.068442,
    0.089209,
    0.056145,
    0.077505,
    0.102922,
    0.093617,
    0.067253,
    0.132318,
    0.090846,
    0.081468,
    0.080317,
    0.021107,
    0.040006,
    0.074981,
    0.075008,
    0.068655,
    0.089106,
    0.047343,
    0.051528,
    0.070128,
    0.087302,
    0.079705
  ],
  "val_acc": [
    0.91909,
    0.968394,
    0.958281,
    0.960809,
    0.979772,
    0.987358,
    0.981037,
    0.988622,
    0.984829,
    0.989886,
    0.989886,
    0.987358,
    0.984829,
    0.989886,
    0.983565,
    0.984829,
    0.996207,
    0.996207,
    0.984829,
    0.988622,
    0.99115,
    0.986094,
    0.989886,
    0.992415,
    0.989886,
    0.986094,
    0.989886
  ],
  "epoch_time_sec": [
    152.6,
    130.36,
    131.1,
    126.79,
    124.6,
    128.5,
    128.4,
    123.86,
    125.24,
    121.16,
    125.07,
    121.05,
    120.3,
    119.3,
    119.73,
    120.28,
    121.8,
    125.54,
    121.29,
    120.63,
    119.72,
    120.78,
    119.85,
    119.93,
    119.47,
    120.37,
    121.1
  ],
  "test_loss": 0.046143,
  "test_acc": 0.994943,
  "best_val_acc": 0.996207,
  "total_time_sec": 3396.29,
  "total_time_min": 56.6,
  "epochs_trained": 27,
  "model": "efficientnet_vit",
  "dataset": "BreakHis_Combined",
  "magnifications": "40X+100X+200X+400X"
}