{
  "train_loss": [
    1.350871,
    0.651618,
    0.372738,
    0.250491,
    0.180501,
    0.148883,
    0.138301,
    0.083457,
    0.070551,
    0.073182,
    0.072649,
    0.064387,
    0.05618,
    0.038129,
    0.058316,
    0.050393,
    0.035883,
    0.03294,
    0.033077,
    0.034335,
    0.045869,
    0.033311,
    0.018928,
    0.035504,
    0.024503,
    0.034129,
    0.019961,
    0.015304,
    0.027885
  ],
  "train_acc": [
    0.476845,
    0.719456,
    0.829461,
    0.87909,
    0.910858,
    0.926505,
    0.935989,
    0.959697,
    0.963648,
    0.967757,
    0.96997,
    0.971392,
    0.970128,
    0.976766,
    0.975186,
    0.975344,
    0.978821,
    0.979927,
    0.980401,
    0.980401,
    0.981034,
    0.981666,
    0.983404,
    0.982298,
    0.984195,
    0.985301,
    0.984669,
    0.985617,
    0.985775
  ],
  "val_loss": [
    0.733176,
    0.403852,
    0.359003,
    0.274875,
    0.345624,
    0.332646,
    0.234061,
    0.297939,
    0.263324,
    0.177544,
    0.234716,
    0.210279,
    0.270593,
    0.245432,
    0.236867,
    0.267438,
    0.243836,
    0.278001,
    0.314251,
    0.329408,
    0.478754,
    0.259101,
    0.274397,
    0.378,
    0.437653,
    0.415798,
    0.430199,
    0.433496,
    0.298275
  ],
  "val_acc": [
    0.618205,
    0.828066,
    0.864728,
    0.901391,
    0.89507,
    0.914033,
    0.924147,
    0.916561,
    0.936789,
    0.944374,
    0.944374,
    0.950695,
    0.938053,
    0.932996,
    0.935525,
    0.945638,
    0.948167,
    0.94311,
    0.953224,
    0.938053,
    0.939317,
    0.940582,
    0.950695,
    0.945638,
    0.946903,
    0.946903,
    0.944374,
    0.940582,
    0.948167
  ],
  "epoch_time_sec": [
    88.1,
    100.53,
    101.22,
    100.94,
    101.34,
    99.98,
    99.71,
    99.39,
    98.73,
    97.99,
    98.04,
    97.39,
    97.03,
    95.44,
    95.42,
    95.68,
    95.11,
    94.36,
    94.33,
    94.77,
    94.68,
    93.31,
    93.46,
    93.97,
    93.4,
    93.51,
    93.92,
    92.72,
    93.01
  ],
  "test_loss": 0.215073,
  "test_acc": 0.940582,
  "best_val_acc": 0.953224,
  "total_time_sec": 2868.3,
  "total_time_min": 47.81,
  "epochs_trained": 29,
  "model": "cnn_vit",
  "task": "multiclass_8",
  "magnifications": "40X+100X+200X+400X"
}