{
  "overall": {
    "accuracy": 0.9405815423514539,
    "precision_macro": 0.9337000989075595,
    "recall_macro": 0.9518836477872755,
    "f1_macro": 0.9401406484570203,
    "auc_roc": 0.996837964695402,
    "auc_roc_per_class": {
      "Adenosis": 0.999761691986893,
      "Ductal Carcinoma": 0.9943296289075194,
      "Fibroadenoma": 0.9967140192280097,
      "Lobular Carcinoma": 0.9886730333158905,
      "Mucinous Carcinoma": 0.9962843123311051,
      "Papillary Carcinoma": 0.9996112730806609,
      "Phyllodes Tumor": 0.9993297587131367,
      "Tubular Adenoma": 1.0
    },
    "confusion_matrix": [
      [
        43,
        1,
        1,
        0,
        0,
        0,
        0,
        0
      ],
      [
        0,
        317,
        0,
        23,
        0,
        5,
        0,
        0
      ],
      [
        0,
        0,
        99,
        0,
        0,
        1,
        1,
        0
      ],
      [
        0,
        5,
        0,
        58,
        0,
        0,
        0,
        0
      ],
      [
        2,
        2,
        0,
        2,
        73,
        0,
        0,
        0
      ],
      [
        0,
        0,
        0,
        0,
        0,
        56,
        0,
        0
      ],
      [
        0,
        2,
        0,
        0,
        0,
        1,
        42,
        0
      ],
      [
        0,
        0,
        1,
        0,
        0,
        0,
        0,
        56
      ]
    ],
    "per_class_report": {
      "Adenosis": {
        "precision": 0.9555555555555556,
        "recall": 0.9555555555555556,
        "f1-score": 0.9555555555555556,
        "support": 45.0
      },
      "Ductal Carcinoma": {
        "precision": 0.9694189602446484,
        "recall": 0.9188405797101449,
        "f1-score": 0.9434523809523809,
        "support": 345.0
      },
      "Fibroadenoma": {
        "precision": 0.9801980198019802,
        "recall": 0.9801980198019802,
        "f1-score": 0.9801980198019802,
        "support": 101.0
      },
      "Lobular Carcinoma": {
        "precision": 0.6987951807228916,
        "recall": 0.9206349206349206,
        "f1-score": 0.7945205479452054,
        "support": 63.0
      },
      "Mucinous Carcinoma": {
        "precision": 1.0,
        "recall": 0.9240506329113924,
        "f1-score": 0.9605263157894737,
        "support": 79.0
      },
      "Papillary Carcinoma": {
        "precision": 0.8888888888888888,
        "recall": 1.0,
        "f1-score": 0.9411764705882353,
        "support": 56.0
      },
      "Phyllodes Tumor": {
        "precision": 0.9767441860465116,
        "recall": 0.9333333333333333,
        "f1-score": 0.9545454545454546,
        "support": 45.0
      },
      "Tubular Adenoma": {
        "precision": 1.0,
        "recall": 0.9824561403508771,
        "f1-score": 0.9911504424778761,
        "support": 57.0
      },
      "accuracy": 0.9405815423514539,
      "macro avg": {
        "precision": 0.9337000989075595,
        "recall": 0.9518836477872755,
        "f1-score": 0.9401406484570203,
        "support": 791.0
      },
      "weighted avg": {
        "precision": 0.9484259213904132,
        "recall": 0.9405815423514539,
        "f1-score": 0.9425833728510915,
        "support": 791.0
      }
    }
  },
  "per_magnification": {
    "40X": {
      "accuracy": 0.9504950495049505,
      "precision_macro": 0.952087847598411,
      "recall_macro": 0.952171052631579,
      "f1_macro": 0.9492421035301294,
      "auc_roc": 0.9980644459994701,
      "auc_roc_per_class": {
        "Adenosis": 1.0,
        "Ductal Carcinoma": 0.99501312335958,
        "Fibroadenoma": 1.0,
        "Lobular Carcinoma": 0.9895024446361805,
        "Mucinous Carcinoma": 1.0,
        "Papillary Carcinoma": 1.0,
        "Phyllodes Tumor": 1.0,
        "Tubular Adenoma": 1.0
      },
      "confusion_matrix": [
        [
          10,
          1,
          1,
          0,
          0,
          0,
          0,
          0
        ],
        [
          0,
          69,
          0,
          6,
          0,
          0,
          0,
          0
        ],
        [
          0,
          0,
          25,
          0,
          0,
          0,
          0,
          0
        ],
        [
          0,
          1,
          0,
          18,
          0,
          0,
          0,
          0
        ],
        [
          0,
          0,
          0,
          0,
          27,
          0,
          0,
          0
        ],
        [
          0,
          0,
          0,
          0,
          0,
          14,
          0,
          0
        ],
        [
          0,
          0,
          0,
          0,
          0,
          1,
          11,
          0
        ],
        [
          0,
          0,
          0,
          0,
          0,
          0,
          0,
          18
        ]
      ],
      "per_class_report": {
        "Adenosis": {
          "precision": 1.0,
          "recall": 0.8333333333333334,
          "f1-score": 0.9090909090909091,
          "support": 12.0
        },
        "Ductal Carcinoma": {
          "precision": 0.971830985915493,
          "recall": 0.92,
          "f1-score": 0.9452054794520548,
          "support": 75.0
        },
        "Fibroadenoma": {
          "precision": 0.9615384615384616,
          "recall": 1.0,
          "f1-score": 0.9803921568627451,
          "support": 25.0
        },
        "Lobular Carcinoma": {
          "precision": 0.75,
          "recall": 0.9473684210526315,
          "f1-score": 0.8372093023255814,
          "support": 19.0
        },
        "Mucinous Carcinoma": {
          "precision": 1.0,
          "recall": 1.0,
          "f1-score": 1.0,
          "support": 27.0
        },
        "Papillary Carcinoma": {
          "precision": 0.9333333333333333,
          "recall": 1.0,
          "f1-score": 0.9655172413793104,
          "support": 14.0
        },
        "Phyllodes Tumor": {
          "precision": 1.0,
          "recall": 0.9166666666666666,
          "f1-score": 0.9565217391304348,
          "support": 12.0
        },
        "Tubular Adenoma": {
          "precision": 1.0,
          "recall": 1.0,
          "f1-score": 1.0,
          "support": 18.0
        },
        "accuracy": 0.9504950495049505,
        "macro avg": {
          "precision": 0.952087847598411,
          "recall": 0.952171052631579,
          "f1-score": 0.9492421035301294,
          "support": 202.0
        },
        "weighted avg": {
          "precision": 0.956645802716783,
          "recall": 0.9504950495049505,
          "f1-score": 0.9515434890228974,
          "support": 202.0
        }
      }
    },
    "100X": {
      "accuracy": 0.9603960396039604,
      "precision_macro": 0.9583303618123901,
      "recall_macro": 0.9679017857142858,
      "f1_macro": 0.9619544321865005,
      "auc_roc": 0.9979663417102762,
      "auc_roc_per_class": {
        "Adenosis": 1.0,
        "Ductal Carcinoma": 0.9975786924939467,
        "Fibroadenoma": 1.0,
        "Lobular Carcinoma": 0.9942876344086021,
        "Mucinous Carcinoma": 0.9918644067796609,
        "Papillary Carcinoma": 1.0,
        "Phyllodes Tumor": 1.0,
        "Tubular Adenoma": 1.0
      },